Workbook

Sheet mg_200_object_layer
A1: =A2 -> id | B1: =B2 -> 层类型 | C1: =C2 -> 0 | D1: =D2 -> 1 | E1: =E2 -> 2 | F1: =F2 -> 3 | G1: =G2 -> 4 | H1: =H2 -> 5 | ... M1: =M2 -> 10 | N1: 11 | O1: 12 | P1: 13
A2: =OFFSET('!数据编辑'!$A$1,COLUMN(A2)-1,ROW(A2)-2) -> id | B2: =OFFSET('!数据编辑'!$A$1,COLUMN(B2)-1,ROW(B2)-2) -> 层类型 | C2: =OFFSET('!数据编辑'!$A$1,COLUMN(C2)-1,ROW(C2)-2) -> 0 | D2: =OFFSET('!数据编辑'!$A$1,COLUMN(D2)-1,ROW(D2)-2) -> 1 | E2: =OFFSET('!数据编辑'!$A$1,COLUMN(E2)-1,ROW(E2)-2) -> 2 | F2: =OFFSET('!数据编辑'!$A$1,COLUMN(F2)-1,ROW(F2)-2) -> 3 | G2: =OFFSET('!数据编辑'!$A$1,COLUMN(G2)-1,ROW(G2)-2) -> 4 | H2: =OFFSET('!数据编辑'!$A$1,COLUMN(H2)-1,ROW(H2)-2) -> 5 | ... M2: =OFFSET('!数据编辑'!$A$1,COLUMN(M2)-1,ROW(M2)-2) -> 10 | N2: 11 | O2: 12 | P2: 13
A3: =OFFSET('!数据编辑'!$A$1,COLUMN(A3)-1,ROW(A3)-2) -> long | B3: =OFFSET('!数据编辑'!$A$1,COLUMN(B3)-1,ROW(B3)-2) -> string | C3: =OFFSET('!数据编辑'!$A$1,COLUMN(C3)-1,ROW(C3)-2) -> bool | D3: =OFFSET('!数据编辑'!$A$1,COLUMN(D3)-1,ROW(D3)-2) -> bool | E3: =OFFSET('!数据编辑'!$A$1,COLUMN(E3)-1,ROW(E3)-2) -> bool | F3: =OFFSET('!数据编辑'!$A$1,COLUMN(F3)-1,ROW(F3)-2) -> bool | G3: =OFFSET('!数据编辑'!$A$1,COLUMN(G3)-1,ROW(G3)-2) -> bool | H3: =OFFSET('!数据编辑'!$A$1,COLUMN(H3)-1,ROW(H3)-2) -> bool | ... P3: =OFFSET('!数据编辑'!$A$1,COLUMN(P3)-1,ROW(P3)-2) -> bool
A4: =OFFSET('!数据编辑'!$A$1,COLUMN(A4)-1,ROW(A4)-2) -> 0 | B4: =OFFSET('!数据编辑'!$A$1,COLUMN(B4)-1,ROW(B4)-2) -> 有碰撞场景 | C4: =OFFSET('!数据编辑'!$A$1,COLUMN(C4)-1,ROW(C4)-2) -> 0 | D4: =OFFSET('!数据编辑'!$A$1,COLUMN(D4)-1,ROW(D4)-2) -> #N/A | E4: =OFFSET('!数据编辑'!$A$1,COLUMN(E4)-1,ROW(E4)-2) -> #N/A | F4: =OFFSET('!数据编辑'!$A$1,COLUMN(F4)-1,ROW(F4)-2) -> #N/A | G4: =OFFSET('!数据编辑'!$A$1,COLUMN(G4)-1,ROW(G4)-2) -> #N/A | H4: =OFFSET('!数据编辑'!$A$1,COLUMN(H4)-1,ROW(H4)-2) -> #N/A | ... P4: =OFFSET('!数据编辑'!$A$1,COLUMN(P4)-1,ROW(P4)-2) -> #N/A
A5: =OFFSET('!数据编辑'!$A$1,COLUMN(A5)-1,ROW(A5)-2) -> 1 | B5: =OFFSET('!数据编辑'!$A$1,COLUMN(B5)-1,ROW(B5)-2) -> 蓝队基地 | C5: =OFFSET('!数据编辑'!$A$1,COLUMN(C5)-1,ROW(C5)-2) -> 0 | D5: =OFFSET('!数据编辑'!$A$1,COLUMN(D5)-1,ROW(D5)-2) -> 0 | E5: =OFFSET('!数据编辑'!$A$1,COLUMN(E5)-1,ROW(E5)-2) -> #N/A | F5: =OFFSET('!数据编辑'!$A$1,COLUMN(F5)-1,ROW(F5)-2) -> #N/A | G5: =OFFSET('!数据编辑'!$A$1,COLUMN(G5)-1,ROW(G5)-2) -> #N/A | H5: =OFFSET('!数据编辑'!$A$1,COLUMN(H5)-1,ROW(H5)-2) -> #N/A | ... P5: =OFFSET('!数据编辑'!$A$1,COLUMN(P5)-1,ROW(P5)-2) -> #N/A
A6: =OFFSET('!数据编辑'!$A$1,COLUMN(A6)-1,ROW(A6)-2) -> 2 | B6: =OFFSET('!数据编辑'!$A$1,COLUMN(B6)-1,ROW(B6)-2) -> 红队基地 | C6: =OFFSET('!数据编辑'!$A$1,COLUMN(C6)-1,ROW(C6)-2) -> 0 | D6: =OFFSET('!数据编辑'!$A$1,COLUMN(D6)-1,ROW(D6)-2) -> 0 | E6: =OFFSET('!数据编辑'!$A$1,COLUMN(E6)-1,ROW(E6)-2) -> 0 | F6: =OFFSET('!数据编辑'!$A$1,COLUMN(F6)-1,ROW(F6)-2) -> #N/A | G6: =OFFSET('!数据编辑'!$A$1,COLUMN(G6)-1,ROW(G6)-2) -> #N/A | H6: =OFFSET('!数据编辑'!$A$1,COLUMN(H6)-1,ROW(H6)-2) -> #N/A | ... P6: =OFFSET('!数据编辑'!$A$1,COLUMN(P6)-1,ROW(P6)-2) -> #N/A
A7: =OFFSET('!数据编辑'!$A$1,COLUMN(A7)-1,ROW(A7)-2) -> 3 | B7: =OFFSET('!数据编辑'!$A$1,COLUMN(B7)-1,ROW(B7)-2) -> 蓝队普通 | C7: =OFFSET('!数据编辑'!$A$1,COLUMN(C7)-1,ROW(C7)-2) -> 1 | D7: =OFFSET('!数据编辑'!$A$1,COLUMN(D7)-1,ROW(D7)-2) -> 0 | E7: =OFFSET('!数据编辑'!$A$1,COLUMN(E7)-1,ROW(E7)-2) -> 1 | F7: =OFFSET('!数据编辑'!$A$1,COLUMN(F7)-1,ROW(F7)-2) -> 0 | G7: =OFFSET('!数据编辑'!$A$1,COLUMN(G7)-1,ROW(G7)-2) -> #N/A | H7: =OFFSET('!数据编辑'!$A$1,COLUMN(H7)-1,ROW(H7)-2) -> #N/A | ... P7: =OFFSET('!数据编辑'!$A$1,COLUMN(P7)-1,ROW(P7)-2) -> #N/A
A8: =OFFSET('!数据编辑'!$A$1,COLUMN(A8)-1,ROW(A8)-2) -> 4 | B8: =OFFSET('!数据编辑'!$A$1,COLUMN(B8)-1,ROW(B8)-2) -> 红队普通 | C8: =OFFSET('!数据编辑'!$A$1,COLUMN(C8)-1,ROW(C8)-2) -> 1 | D8: =OFFSET('!数据编辑'!$A$1,COLUMN(D8)-1,ROW(D8)-2) -> 1 | E8: =OFFSET('!数据编辑'!$A$1,COLUMN(E8)-1,ROW(E8)-2) -> 0 | F8: =OFFSET('!数据编辑'!$A$1,COLUMN(F8)-1,ROW(F8)-2) -> 1 | G8: =OFFSET('!数据编辑'!$A$1,COLUMN(G8)-1,ROW(G8)-2) -> 0 | H8: =OFFSET('!数据编辑'!$A$1,COLUMN(H8)-1,ROW(H8)-2) -> #N/A | ... P8: =OFFSET('!数据编辑'!$A$1,COLUMN(P8)-1,ROW(P8)-2) -> #N/A
A9: =OFFSET('!数据编辑'!$A$1,COLUMN(A9)-1,ROW(A9)-2) -> 5 | B9: =OFFSET('!数据编辑'!$A$1,COLUMN(B9)-1,ROW(B9)-2) -> 蓝队高级 | C9: =OFFSET('!数据编辑'!$A$1,COLUMN(C9)-1,ROW(C9)-2) -> 1 | D9: =OFFSET('!数据编辑'!$A$1,COLUMN(D9)-1,ROW(D9)-2) -> 1 | E9: =OFFSET('!数据编辑'!$A$1,COLUMN(E9)-1,ROW(E9)-2) -> 1 | F9: =OFFSET('!数据编辑'!$A$1,COLUMN(F9)-1,ROW(F9)-2) -> 0 | G9: =OFFSET('!数据编辑'!$A$1,COLUMN(G9)-1,ROW(G9)-2) -> 1 | H9: =OFFSET('!数据编辑'!$A$1,COLUMN(H9)-1,ROW(H9)-2) -> 0 | ... P9: =OFFSET('!数据编辑'!$A$1,COLUMN(P9)-1,ROW(P9)-2) -> #N/A
A10: =OFFSET('!数据编辑'!$A$1,COLUMN(A10)-1,ROW(A10)-2) -> 6 | B10: =OFFSET('!数据编辑'!$A$1,COLUMN(B10)-1,ROW(B10)-2) -> 红队高级 | C10: =OFFSET('!数据编辑'!$A$1,COLUMN(C10)-1,ROW(C10)-2) -> 1 | D10: =OFFSET('!数据编辑'!$A$1,COLUMN(D10)-1,ROW(D10)-2) -> 1 | E10: =OFFSET('!数据编辑'!$A$1,COLUMN(E10)-1,ROW(E10)-2) -> 1 | F10: =OFFSET('!数据编辑'!$A$1,COLUMN(F10)-1,ROW(F10)-2) -> 1 | G10: =OFFSET('!数据编辑'!$A$1,COLUMN(G10)-1,ROW(G10)-2) -> 0 | H10: =OFFSET('!数据编辑'!$A$1,COLUMN(H10)-1,ROW(H10)-2) -> 1 | ... P10: =OFFSET('!数据编辑'!$A$1,COLUMN(P10)-1,ROW(P10)-2) -> #N/A
A11: =OFFSET('!数据编辑'!$A$1,COLUMN(A11)-1,ROW(A11)-2) -> 7 | B11: =OFFSET('!数据编辑'!$A$1,COLUMN(B11)-1,ROW(B11)-2) -> 蓝队护盾 | C11: =OFFSET('!数据编辑'!$A$1,COLUMN(C11)-1,ROW(C11)-2) -> 0 | D11: =OFFSET('!数据编辑'!$A$1,COLUMN(D11)-1,ROW(D11)-2) -> 0 | E11: =OFFSET('!数据编辑'!$A$1,COLUMN(E11)-1,ROW(E11)-2) -> 0 | F11: =OFFSET('!数据编辑'!$A$1,COLUMN(F11)-1,ROW(F11)-2) -> 0 | G11: =OFFSET('!数据编辑'!$A$1,COLUMN(G11)-1,ROW(G11)-2) -> 1 | H11: =OFFSET('!数据编辑'!$A$1,COLUMN(H11)-1,ROW(H11)-2) -> 0 | ... P11: =OFFSET('!数据编辑'!$A$1,COLUMN(P11)-1,ROW(P11)-2) -> #N/A
A12: =OFFSET('!数据编辑'!$A$1,COLUMN(A12)-1,ROW(A12)-2) -> 8 | B12: =OFFSET('!数据编辑'!$A$1,COLUMN(B12)-1,ROW(B12)-2) -> 红队护盾 | C12: =OFFSET('!数据编辑'!$A$1,COLUMN(C12)-1,ROW(C12)-2) -> 0 | D12: =OFFSET('!数据编辑'!$A$1,COLUMN(D12)-1,ROW(D12)-2) -> 0 | E12: =OFFSET('!数据编辑'!$A$1,COLUMN(E12)-1,ROW(E12)-2) -> 0 | F12: =OFFSET('!数据编辑'!$A$1,COLUMN(F12)-1,ROW(F12)-2) -> 1 | G12: =OFFSET('!数据编辑'!$A$1,COLUMN(G12)-1,ROW(G12)-2) -> 0 | H12: =OFFSET('!数据编辑'!$A$1,COLUMN(H12)-1,ROW(H12)-2) -> 1 | ... P12: =OFFSET('!数据编辑'!$A$1,COLUMN(P12)-1,ROW(P12)-2) -> #N/A
A13: =OFFSET('!数据编辑'!$A$1,COLUMN(A13)-1,ROW(A13)-2) -> 9 | B13: =OFFSET('!数据编辑'!$A$1,COLUMN(B13)-1,ROW(B13)-2) -> 蓝队格子 | C13: =OFFSET('!数据编辑'!$A$1,COLUMN(C13)-1,ROW(C13)-2) -> 0 | D13: =OFFSET('!数据编辑'!$A$1,COLUMN(D13)-1,ROW(D13)-2) -> 0 | E13: =OFFSET('!数据编辑'!$A$1,COLUMN(E13)-1,ROW(E13)-2) -> 0 | F13: =OFFSET('!数据编辑'!$A$1,COLUMN(F13)-1,ROW(F13)-2) -> 0 | G13: =OFFSET('!数据编辑'!$A$1,COLUMN(G13)-1,ROW(G13)-2) -> 1 | H13: =OFFSET('!数据编辑'!$A$1,COLUMN(H13)-1,ROW(H13)-2) -> 0 | ... P13: =OFFSET('!数据编辑'!$A$1,COLUMN(P13)-1,ROW(P13)-2) -> #N/A
A14: =OFFSET('!数据编辑'!$A$1,COLUMN(A14)-1,ROW(A14)-2) -> 10 | B14: =OFFSET('!数据编辑'!$A$1,COLUMN(B14)-1,ROW(B14)-2) -> 红队格子 | C14: =OFFSET('!数据编辑'!$A$1,COLUMN(C14)-1,ROW(C14)-2) -> 0 | D14: =OFFSET('!数据编辑'!$A$1,COLUMN(D14)-1,ROW(D14)-2) -> 0 | E14: =OFFSET('!数据编辑'!$A$1,COLUMN(E14)-1,ROW(E14)-2) -> 0 | F14: =OFFSET('!数据编辑'!$A$1,COLUMN(F14)-1,ROW(F14)-2) -> 1 | G14: =OFFSET('!数据编辑'!$A$1,COLUMN(G14)-1,ROW(G14)-2) -> 0 | H14: =OFFSET('!数据编辑'!$A$1,COLUMN(H14)-1,ROW(H14)-2) -> 1 | ... P14: =OFFSET('!数据编辑'!$A$1,COLUMN(P14)-1,ROW(P14)-2) -> #N/A
A15: 11 | B15: =OFFSET('!数据编辑'!$A$1,COLUMN(B15)-1,ROW(B15)-2) -> 中立格子 | C15: =OFFSET('!数据编辑'!$A$1,COLUMN(C15)-1,ROW(C15)-2) -> 0 | D15: =OFFSET('!数据编辑'!$A$1,COLUMN(D15)-1,ROW(D15)-2) -> 0 | E15: =OFFSET('!数据编辑'!$A$1,COLUMN(E15)-1,ROW(E15)-2) -> 0 | F15: =OFFSET('!数据编辑'!$A$1,COLUMN(F15)-1,ROW(F15)-2) -> 1 | G15: =OFFSET('!数据编辑'!$A$1,COLUMN(G15)-1,ROW(G15)-2) -> 1 | H15: =OFFSET('!数据编辑'!$A$1,COLUMN(H15)-1,ROW(H15)-2) -> 1 | I15: =OFFSET('!数据编辑'!$A$1,COLUMN(I15)-1,ROW(I15)-2) -> 1 | ... P15: =OFFSET('!数据编辑'!$A$1,COLUMN(P15)-1,ROW(P15)-2) -> #N/A
A16: 12 | B16: =OFFSET('!数据编辑'!$A$1,COLUMN(B16)-1,ROW(B16)-2) -> 蓝色小型 | C16: =OFFSET('!数据编辑'!$A$1,COLUMN(C16)-1,ROW(C16)-2) -> 1 | D16: =OFFSET('!数据编辑'!$A$1,COLUMN(D16)-1,ROW(D16)-2) -> 0 | E16: =OFFSET('!数据编辑'!$A$1,COLUMN(E16)-1,ROW(E16)-2) -> 0 | F16: =OFFSET('!数据编辑'!$A$1,COLUMN(F16)-1,ROW(F16)-2) -> 0 | G16: =OFFSET('!数据编辑'!$A$1,COLUMN(G16)-1,ROW(G16)-2) -> 1 | H16: =OFFSET('!数据编辑'!$A$1,COLUMN(H16)-1,ROW(H16)-2) -> 0 | I16: =OFFSET('!数据编辑'!$A$1,COLUMN(I16)-1,ROW(I16)-2) -> 1 | ... P16: =OFFSET('!数据编辑'!$A$1,COLUMN(P16)-1,ROW(P16)-2) -> #N/A
A17: 13 | B17: =OFFSET('!数据编辑'!$A$1,COLUMN(B17)-1,ROW(B17)-2) -> 红色小型 | C17: =OFFSET('!数据编辑'!$A$1,COLUMN(C17)-1,ROW(C17)-2) -> 1 | D17: =OFFSET('!数据编辑'!$A$1,COLUMN(D17)-1,ROW(D17)-2) -> 0 | E17: =OFFSET('!数据编辑'!$A$1,COLUMN(E17)-1,ROW(E17)-2) -> 0 | F17: =OFFSET('!数据编辑'!$A$1,COLUMN(F17)-1,ROW(F17)-2) -> 1 | G17: =OFFSET('!数据编辑'!$A$1,COLUMN(G17)-1,ROW(G17)-2) -> 0 | H17: =OFFSET('!数据编辑'!$A$1,COLUMN(H17)-1,ROW(H17)-2) -> 1 | I17: =OFFSET('!数据编辑'!$A$1,COLUMN(I17)-1,ROW(I17)-2) -> 0 | ... P17: =OFFSET('!数据编辑'!$A$1,COLUMN(P17)-1,ROW(P17)-2) -> 0

Sheet !数据编辑
A1: id | B1: long | C1: 0 | D1: 1 | E1: 2 | F1: 3 | G1: 4 | H1: 5 | I1: 6 | J1: 7 | K1: 8 | L1: 9 | M1: 10 | N1: 11 | O1: 12 | P1: 13 | Q1: 14 | R1: 15
A2: 层类型 | B2: string | C2: 有碰撞场景 | D2: 蓝队基地 | E2: 红队基地 | F2: 蓝队普通 | G2: 红队普通 | H2: 蓝队高级 | I2: 红队高级 | J2: 蓝队护盾 | K2: 红队护盾 | L2: 蓝队格子 | M2: 红队格子 | N2: 中立格子 | O2: 蓝色小型 | P2: 红色小型
A3: 0 | B3: bool | C3: =VLOOKUP(C22,'!副表'!$C:$D,2,0) -> 0 | D3: =VLOOKUP(D22,'!副表'!$C:$D,2,0) -> 0 | E3: =VLOOKUP(E22,'!副表'!$C:$D,2,0) -> 0 | F3: =VLOOKUP(F22,'!副表'!$C:$D,2,0) -> 1 | G3: =VLOOKUP(G22,'!副表'!$C:$D,2,0) -> 1 | H3: =VLOOKUP(H22,'!副表'!$C:$D,2,0) -> 1 | I3: =VLOOKUP(I22,'!副表'!$C:$D,2,0) -> 1 | J3: =VLOOKUP(J22,'!副表'!$C:$D,2,0) -> 0 | ... P3: =VLOOKUP(P22,'!副表'!$C:$D,2,0) -> 1
A4: 1 | B4: bool | C4: =VLOOKUP(C23,'!副表'!$C:$D,2,0) -> #N/A | D4: =VLOOKUP(D23,'!副表'!$C:$D,2,0) -> 0 | E4: =VLOOKUP(E23,'!副表'!$C:$D,2,0) -> 0 | F4: =VLOOKUP(F23,'!副表'!$C:$D,2,0) -> 0 | G4: =VLOOKUP(G23,'!副表'!$C:$D,2,0) -> 1 | H4: =VLOOKUP(H23,'!副表'!$C:$D,2,0) -> 1 | I4: =VLOOKUP(I23,'!副表'!$C:$D,2,0) -> 1 | J4: =VLOOKUP(J23,'!副表'!$C:$D,2,0) -> 0 | ... P4: =VLOOKUP(P23,'!副表'!$C:$D,2,0) -> 0
A5: 2 | B5: bool | C5: =VLOOKUP(C24,'!副表'!$C:$D,2,0) -> #N/A | D5: =VLOOKUP(D24,'!副表'!$C:$D,2,0) -> #N/A | E5: =VLOOKUP(E24,'!副表'!$C:$D,2,0) -> 0 | F5: =VLOOKUP(F24,'!副表'!$C:$D,2,0) -> 1 | G5: =VLOOKUP(G24,'!副表'!$C:$D,2,0) -> 0 | H5: =VLOOKUP(H24,'!副表'!$C:$D,2,0) -> 1 | I5: =VLOOKUP(I24,'!副表'!$C:$D,2,0) -> 1 | J5: =VLOOKUP(J24,'!副表'!$C:$D,2,0) -> 0 | ... P5: =VLOOKUP(P24,'!副表'!$C:$D,2,0) -> 0
A6: 3 | B6: bool | C6: =VLOOKUP(C25,'!副表'!$C:$D,2,0) -> #N/A | D6: =VLOOKUP(D25,'!副表'!$C:$D,2,0) -> #N/A | E6: =VLOOKUP(E25,'!副表'!$C:$D,2,0) -> #N/A | F6: =VLOOKUP(F25,'!副表'!$C:$D,2,0) -> 0 | G6: =VLOOKUP(G25,'!副表'!$C:$D,2,0) -> 1 | H6: =VLOOKUP(H25,'!副表'!$C:$D,2,0) -> 0 | I6: =VLOOKUP(I25,'!副表'!$C:$D,2,0) -> 1 | J6: =VLOOKUP(J25,'!副表'!$C:$D,2,0) -> 0 | ... P6: =VLOOKUP(P25,'!副表'!$C:$D,2,0) -> 1
A7: 4 | B7: bool | C7: =VLOOKUP(C26,'!副表'!$C:$D,2,0) -> #N/A | D7: =VLOOKUP(D26,'!副表'!$C:$D,2,0) -> #N/A | E7: =VLOOKUP(E26,'!副表'!$C:$D,2,0) -> #N/A | F7: =VLOOKUP(F26,'!副表'!$C:$D,2,0) -> #N/A | G7: =VLOOKUP(G26,'!副表'!$C:$D,2,0) -> 0 | H7: =VLOOKUP(H26,'!副表'!$C:$D,2,0) -> 1 | I7: =VLOOKUP(I26,'!副表'!$C:$D,2,0) -> 0 | J7: =VLOOKUP(J26,'!副表'!$C:$D,2,0) -> 1 | ... P7: =VLOOKUP(P26,'!副表'!$C:$D,2,0) -> 0
A8: 5 | B8: bool | C8: =VLOOKUP(C27,'!副表'!$C:$D,2,0) -> #N/A | D8: =VLOOKUP(D27,'!副表'!$C:$D,2,0) -> #N/A | E8: =VLOOKUP(E27,'!副表'!$C:$D,2,0) -> #N/A | F8: =VLOOKUP(F27,'!副表'!$C:$D,2,0) -> #N/A | G8: =VLOOKUP(G27,'!副表'!$C:$D,2,0) -> #N/A | H8: =VLOOKUP(H27,'!副表'!$C:$D,2,0) -> 0 | I8: =VLOOKUP(I27,'!副表'!$C:$D,2,0) -> 1 | J8: =VLOOKUP(J27,'!副表'!$C:$D,2,0) -> 0 | ... P8: =VLOOKUP(P27,'!副表'!$C:$D,2,0) -> 1
A9: 6 | B9: bool | C9: =VLOOKUP(C28,'!副表'!$C:$D,2,0) -> #N/A | D9: =VLOOKUP(D28,'!副表'!$C:$D,2,0) -> #N/A | E9: =VLOOKUP(E28,'!副表'!$C:$D,2,0) -> #N/A | F9: =VLOOKUP(F28,'!副表'!$C:$D,2,0) -> #N/A | G9: =VLOOKUP(G28,'!副表'!$C:$D,2,0) -> #N/A | H9: =VLOOKUP(H28,'!副表'!$C:$D,2,0) -> #N/A | I9: =VLOOKUP(I28,'!副表'!$C:$D,2,0) -> 0 | J9: =VLOOKUP(J28,'!副表'!$C:$D,2,0) -> 1 | ... P9: =VLOOKUP(P28,'!副表'!$C:$D,2,0) -> 0
A10: 7 | B10: bool | C10: =VLOOKUP(C29,'!副表'!$C:$D,2,0) -> #N/A | D10: =VLOOKUP(D29,'!副表'!$C:$D,2,0) -> #N/A | E10: =VLOOKUP(E29,'!副表'!$C:$D,2,0) -> #N/A | F10: =VLOOKUP(F29,'!副表'!$C:$D,2,0) -> #N/A | G10: =VLOOKUP(G29,'!副表'!$C:$D,2,0) -> #N/A | H10: =VLOOKUP(H29,'!副表'!$C:$D,2,0) -> #N/A | I10: =VLOOKUP(I29,'!副表'!$C:$D,2,0) -> #N/A | J10: =VLOOKUP(J29,'!副表'!$C:$D,2,0) -> 0 | ... P10: =VLOOKUP(P29,'!副表'!$C:$D,2,0) -> 1
A11: 8 | B11: bool | C11: =VLOOKUP(C30,'!副表'!$C:$D,2,0) -> #N/A | D11: =VLOOKUP(D30,'!副表'!$C:$D,2,0) -> #N/A | E11: =VLOOKUP(E30,'!副表'!$C:$D,2,0) -> #N/A | F11: =VLOOKUP(F30,'!副表'!$C:$D,2,0) -> #N/A | G11: =VLOOKUP(G30,'!副表'!$C:$D,2,0) -> #N/A | H11: =VLOOKUP(H30,'!副表'!$C:$D,2,0) -> #N/A | I11: =VLOOKUP(I30,'!副表'!$C:$D,2,0) -> #N/A | J11: =VLOOKUP(J30,'!副表'!$C:$D,2,0) -> #N/A | ... P11: =VLOOKUP(P30,'!副表'!$C:$D,2,0) -> 0
A12: 9 | B12: bool | C12: =VLOOKUP(C31,'!副表'!$C:$D,2,0) -> #N/A | D12: =VLOOKUP(D31,'!副表'!$C:$D,2,0) -> #N/A | E12: =VLOOKUP(E31,'!副表'!$C:$D,2,0) -> #N/A | F12: =VLOOKUP(F31,'!副表'!$C:$D,2,0) -> #N/A | G12: =VLOOKUP(G31,'!副表'!$C:$D,2,0) -> #N/A | H12: =VLOOKUP(H31,'!副表'!$C:$D,2,0) -> #N/A | I12: =VLOOKUP(I31,'!副表'!$C:$D,2,0) -> #N/A | J12: =VLOOKUP(J31,'!副表'!$C:$D,2,0) -> #N/A | ... P12: =VLOOKUP(P31,'!副表'!$C:$D,2,0) -> 1
A13: 10 | B13: bool | C13: =VLOOKUP(C32,'!副表'!$C:$D,2,0) -> #N/A | D13: =VLOOKUP(D32,'!副表'!$C:$D,2,0) -> #N/A | E13: =VLOOKUP(E32,'!副表'!$C:$D,2,0) -> #N/A | F13: =VLOOKUP(F32,'!副表'!$C:$D,2,0) -> #N/A | G13: =VLOOKUP(G32,'!副表'!$C:$D,2,0) -> #N/A | H13: =VLOOKUP(H32,'!副表'!$C:$D,2,0) -> #N/A | I13: =VLOOKUP(I32,'!副表'!$C:$D,2,0) -> #N/A | J13: =VLOOKUP(J32,'!副表'!$C:$D,2,0) -> #N/A | ... P13: =VLOOKUP(P32,'!副表'!$C:$D,2,0) -> 0
A14: 11 | B14: bool | C14: =VLOOKUP(C33,'!副表'!$C:$D,2,0) -> #N/A | D14: =VLOOKUP(D33,'!副表'!$C:$D,2,0) -> #N/A | E14: =VLOOKUP(E33,'!副表'!$C:$D,2,0) -> #N/A | F14: =VLOOKUP(F33,'!副表'!$C:$D,2,0) -> #N/A | G14: =VLOOKUP(G33,'!副表'!$C:$D,2,0) -> #N/A | H14: =VLOOKUP(H33,'!副表'!$C:$D,2,0) -> #N/A | I14: =VLOOKUP(I33,'!副表'!$C:$D,2,0) -> #N/A | J14: =VLOOKUP(J33,'!副表'!$C:$D,2,0) -> #N/A | ... P14: =VLOOKUP(P33,'!副表'!$C:$D,2,0) -> 1
... A16: 13 | B16: bool | C16: =VLOOKUP(C35,'!副表'!$C:$D,2,0) -> #N/A | D16: =VLOOKUP(D35,'!副表'!$C:$D,2,0) -> #N/A | E16: =VLOOKUP(E35,'!副表'!$C:$D,2,0) -> #N/A | F16: =VLOOKUP(F35,'!副表'!$C:$D,2,0) -> #N/A | G16: =VLOOKUP(G35,'!副表'!$C:$D,2,0) -> #N/A | H16: =VLOOKUP(H35,'!副表'!$C:$D,2,0) -> #N/A | I16: =VLOOKUP(I35,'!副表'!$C:$D,2,0) -> #N/A | J16: =VLOOKUP(J35,'!副表'!$C:$D,2,0) -> #N/A | ... P16: =VLOOKUP(P35,'!副表'!$C:$D,2,0) -> 0
A17: 14
A18: 15
A22: 0 | B22: 有碰撞场景 | C22: 假 | D22: 假 | E22: 假 | F22: 真 | G22: 真 | H22: 真 | I22: 真 | J22: 假 | K22: 假 | L22: 假 | M22: 假 | N22: 假 | O22: 真 | P22: 真
A23: 1 | B23: 蓝队基地 | D23: 假 | E23: 假 | F23: 假 | G23: 真 | H23: 真 | I23: 真 | J23: 假 | K23: 假 | L23: 假 | M23: 假 | N23: 假 | O23: 假 | P23: 假
A24: 2 | B24: 红队基地 | E24: 假 | F24: 真 | G24: 假 | H24: 真 | I24: 真 | J24: 假 | K24: 假 | L24: 假 | M24: 假 | N24: 假 | O24: 假 | P24: 假
A25: 3 | B25: 蓝队普通 | F25: 假 | G25: 真 | H25: 假 | I25: 真 | J25: 假 | K25: 真 | L25: 假 | M25: 真 | N25: 真 | O25: 假 | P25: 真
A26: 4 | B26: 红队普通 | G26: 假 | H26: 真 | I26: 假 | J26: 真 | K26: 假 | L26: 真 | M26: 假 | N26: 真 | O26: 真 | P26: 假
A27: 5 | B27: 蓝队高级 | H27: 假 | I27: 真 | J27: 假 | K27: 真 | L27: 假 | M27: 真 | N27: 真 | O27: 假 | P27: 真
A28: 6 | B28: 红队高级 | I28: 假 | J28: 真 | K28: 假 | L28: 真 | M28: 假 | N28: 真 | O28: 真 | P28: 假
A29: 7 | B29: 蓝队护盾 | J29: 假 | K29: 假 | L29: 真 | M29: 真 | N29: 真 | O29: 假 | P29: 真
A30: 8 | B30: 红队护盾 | K30: 假 | L30: 真 | M30: 真 | N30: 真 | O30: 真 | P30: 假
A31: 9 | B31: 蓝队格子 | L31: 假 | M31: 假 | N31: 假 | O31: 假 | P31: 真
A32: 10 | B32: 红队格子 | M32: 假 | N32: 假 | O32: 真 | P32: 假
A33: 11 | B33: 中立格子 | N33: 假 | O33: 真 | P33: 真
A34: 12 | B34: 蓝色小型 | O34: 假 | P34: 真
A35: 13 | B35: 红色小型 | P35: 假
A36: 14

Sheet !副表
A1: float | C1: 空 | D1: 0
A2: string | C2: 假 | D2: 0
A3: vector | C3: 真 | D3: 1
A4: bool
A5: color
A6: long
