Workbook

Sheet mg_200_object_layer
A1: =A2 -> id | B1: =B2 -> 层类型 | C1: =C2 -> 0 | D1: =D2 -> 1 | E1: =E2 -> 2 | F1: =F2 -> 3 | G1: =G2 -> 4 | H1: =H2 -> 5 | ... M1: =M2 -> 10 | N1: 11 | O1: 12 | P1: 13 | Q1: 14 | R1: 15 | S1: 16
A2: =OFFSET('!数据编辑'!$A$1,COLUMN(A2)-1,ROW(A2)-2) -> id | B2: =OFFSET('!数据编辑'!$A$1,COLUMN(B2)-1,ROW(B2)-2) -> 层类型 | C2: =OFFSET('!数据编辑'!$A$1,COLUMN(C2)-1,ROW(C2)-2) -> 0 | D2: =OFFSET('!数据编辑'!$A$1,COLUMN(D2)-1,ROW(D2)-2) -> 1 | E2: =OFFSET('!数据编辑'!$A$1,COLUMN(E2)-1,ROW(E2)-2) -> 2 | F2: =OFFSET('!数据编辑'!$A$1,COLUMN(F2)-1,ROW(F2)-2) -> 3 | G2: =OFFSET('!数据编辑'!$A$1,COLUMN(G2)-1,ROW(G2)-2) -> 4 | H2: =OFFSET('!数据编辑'!$A$1,COLUMN(H2)-1,ROW(H2)-2) -> 5 | ... M2: =OFFSET('!数据编辑'!$A$1,COLUMN(M2)-1,ROW(M2)-2) -> 10 | N2: 11 | O2: 12 | P2: 13 | Q2: 14 | R2: 15 | S2: 16
A3: =OFFSET('!数据编辑'!$A$1,COLUMN(A3)-1,ROW(A3)-2) -> long | B3: =OFFSET('!数据编辑'!$A$1,COLUMN(B3)-1,ROW(B3)-2) -> string | C3: =OFFSET('!数据编辑'!$A$1,COLUMN(C3)-1,ROW(C3)-2) -> bool | D3: =OFFSET('!数据编辑'!$A$1,COLUMN(D3)-1,ROW(D3)-2) -> bool | E3: =OFFSET('!数据编辑'!$A$1,COLUMN(E3)-1,ROW(E3)-2) -> bool | F3: =OFFSET('!数据编辑'!$A$1,COLUMN(F3)-1,ROW(F3)-2) -> bool | G3: =OFFSET('!数据编辑'!$A$1,COLUMN(G3)-1,ROW(G3)-2) -> bool | H3: =OFFSET('!数据编辑'!$A$1,COLUMN(H3)-1,ROW(H3)-2) -> bool | ... S3: =OFFSET('!数据编辑'!$A$1,COLUMN(S3)-1,ROW(S3)-2) -> bool
A4: =OFFSET('!数据编辑'!$A$1,COLUMN(A4)-1,ROW(A4)-2) -> 0 | B4: =OFFSET('!数据编辑'!$A$1,COLUMN(B4)-1,ROW(B4)-2) -> 有碰撞场景 | C4: =OFFSET('!数据编辑'!$A$1,COLUMN(C4)-1,ROW(C4)-2) -> 0 | D4: =OFFSET('!数据编辑'!$A$1,COLUMN(D4)-1,ROW(D4)-2) -> #N/A | E4: =OFFSET('!数据编辑'!$A$1,COLUMN(E4)-1,ROW(E4)-2) -> #N/A | F4: =OFFSET('!数据编辑'!$A$1,COLUMN(F4)-1,ROW(F4)-2) -> #N/A | G4: =OFFSET('!数据编辑'!$A$1,COLUMN(G4)-1,ROW(G4)-2) -> #N/A | H4: =OFFSET('!数据编辑'!$A$1,COLUMN(H4)-1,ROW(H4)-2) -> #N/A | ... S4: =OFFSET('!数据编辑'!$A$1,COLUMN(S4)-1,ROW(S4)-2) -> #N/A
A5: =OFFSET('!数据编辑'!$A$1,COLUMN(A5)-1,ROW(A5)-2) -> 1 | B5: =OFFSET('!数据编辑'!$A$1,COLUMN(B5)-1,ROW(B5)-2) -> 攻方传送带 | C5: =OFFSET('!数据编辑'!$A$1,COLUMN(C5)-1,ROW(C5)-2) -> 0 | D5: =OFFSET('!数据编辑'!$A$1,COLUMN(D5)-1,ROW(D5)-2) -> 0 | E5: =OFFSET('!数据编辑'!$A$1,COLUMN(E5)-1,ROW(E5)-2) -> #N/A | F5: =OFFSET('!数据编辑'!$A$1,COLUMN(F5)-1,ROW(F5)-2) -> #N/A | G5: =OFFSET('!数据编辑'!$A$1,COLUMN(G5)-1,ROW(G5)-2) -> #N/A | H5: =OFFSET('!数据编辑'!$A$1,COLUMN(H5)-1,ROW(H5)-2) -> #N/A | ... S5: =OFFSET('!数据编辑'!$A$1,COLUMN(S5)-1,ROW(S5)-2) -> #N/A
A6: =OFFSET('!数据编辑'!$A$1,COLUMN(A6)-1,ROW(A6)-2) -> 2 | B6: =OFFSET('!数据编辑'!$A$1,COLUMN(B6)-1,ROW(B6)-2) -> 守方子弹探测器 | C6: =OFFSET('!数据编辑'!$A$1,COLUMN(C6)-1,ROW(C6)-2) -> 0 | D6: =OFFSET('!数据编辑'!$A$1,COLUMN(D6)-1,ROW(D6)-2) -> 0 | E6: =OFFSET('!数据编辑'!$A$1,COLUMN(E6)-1,ROW(E6)-2) -> 0 | F6: =OFFSET('!数据编辑'!$A$1,COLUMN(F6)-1,ROW(F6)-2) -> #N/A | G6: =OFFSET('!数据编辑'!$A$1,COLUMN(G6)-1,ROW(G6)-2) -> #N/A | H6: =OFFSET('!数据编辑'!$A$1,COLUMN(H6)-1,ROW(H6)-2) -> #N/A | ... S6: =OFFSET('!数据编辑'!$A$1,COLUMN(S6)-1,ROW(S6)-2) -> #N/A
A7: =OFFSET('!数据编辑'!$A$1,COLUMN(A7)-1,ROW(A7)-2) -> 3 | B7: =OFFSET('!数据编辑'!$A$1,COLUMN(B7)-1,ROW(B7)-2) -> 守方炮塔碰撞体 | C7: =OFFSET('!数据编辑'!$A$1,COLUMN(C7)-1,ROW(C7)-2) -> 0 | D7: =OFFSET('!数据编辑'!$A$1,COLUMN(D7)-1,ROW(D7)-2) -> 0 | E7: =OFFSET('!数据编辑'!$A$1,COLUMN(E7)-1,ROW(E7)-2) -> 0 | F7: =OFFSET('!数据编辑'!$A$1,COLUMN(F7)-1,ROW(F7)-2) -> 1 | G7: =OFFSET('!数据编辑'!$A$1,COLUMN(G7)-1,ROW(G7)-2) -> #N/A | H7: =OFFSET('!数据编辑'!$A$1,COLUMN(H7)-1,ROW(H7)-2) -> #N/A | ... S7: =OFFSET('!数据编辑'!$A$1,COLUMN(S7)-1,ROW(S7)-2) -> #N/A
A8: =OFFSET('!数据编辑'!$A$1,COLUMN(A8)-1,ROW(A8)-2) -> 4 | B8: =OFFSET('!数据编辑'!$A$1,COLUMN(B8)-1,ROW(B8)-2) -> 守方碰撞箱 | C8: =OFFSET('!数据编辑'!$A$1,COLUMN(C8)-1,ROW(C8)-2) -> 0 | D8: =OFFSET('!数据编辑'!$A$1,COLUMN(D8)-1,ROW(D8)-2) -> 0 | E8: =OFFSET('!数据编辑'!$A$1,COLUMN(E8)-1,ROW(E8)-2) -> 0 | F8: =OFFSET('!数据编辑'!$A$1,COLUMN(F8)-1,ROW(F8)-2) -> 0 | G8: =OFFSET('!数据编辑'!$A$1,COLUMN(G8)-1,ROW(G8)-2) -> 0 | H8: =OFFSET('!数据编辑'!$A$1,COLUMN(H8)-1,ROW(H8)-2) -> #N/A | ... S8: =OFFSET('!数据编辑'!$A$1,COLUMN(S8)-1,ROW(S8)-2) -> #N/A
A9: =OFFSET('!数据编辑'!$A$1,COLUMN(A9)-1,ROW(A9)-2) -> 5 | B9: =OFFSET('!数据编辑'!$A$1,COLUMN(B9)-1,ROW(B9)-2) -> 攻方炮塔 | C9: =OFFSET('!数据编辑'!$A$1,COLUMN(C9)-1,ROW(C9)-2) -> 0 | D9: =OFFSET('!数据编辑'!$A$1,COLUMN(D9)-1,ROW(D9)-2) -> 0 | E9: =OFFSET('!数据编辑'!$A$1,COLUMN(E9)-1,ROW(E9)-2) -> 0 | F9: =OFFSET('!数据编辑'!$A$1,COLUMN(F9)-1,ROW(F9)-2) -> 0 | G9: =OFFSET('!数据编辑'!$A$1,COLUMN(G9)-1,ROW(G9)-2) -> 0 | H9: =OFFSET('!数据编辑'!$A$1,COLUMN(H9)-1,ROW(H9)-2) -> 0 | ... S9: =OFFSET('!数据编辑'!$A$1,COLUMN(S9)-1,ROW(S9)-2) -> #N/A
A10: =OFFSET('!数据编辑'!$A$1,COLUMN(A10)-1,ROW(A10)-2) -> 6 | B10: =OFFSET('!数据编辑'!$A$1,COLUMN(B10)-1,ROW(B10)-2) -> 守方炮塔本体 | C10: =OFFSET('!数据编辑'!$A$1,COLUMN(C10)-1,ROW(C10)-2) -> 0 | D10: =OFFSET('!数据编辑'!$A$1,COLUMN(D10)-1,ROW(D10)-2) -> 0 | E10: =OFFSET('!数据编辑'!$A$1,COLUMN(E10)-1,ROW(E10)-2) -> 0 | F10: =OFFSET('!数据编辑'!$A$1,COLUMN(F10)-1,ROW(F10)-2) -> 1 | G10: =OFFSET('!数据编辑'!$A$1,COLUMN(G10)-1,ROW(G10)-2) -> 0 | H10: =OFFSET('!数据编辑'!$A$1,COLUMN(H10)-1,ROW(H10)-2) -> 0 | ... S10: =OFFSET('!数据编辑'!$A$1,COLUMN(S10)-1,ROW(S10)-2) -> #N/A
A11: =OFFSET('!数据编辑'!$A$1,COLUMN(A11)-1,ROW(A11)-2) -> 7 | B11: =OFFSET('!数据编辑'!$A$1,COLUMN(B11)-1,ROW(B11)-2) -> 攻方子弹 | C11: =OFFSET('!数据编辑'!$A$1,COLUMN(C11)-1,ROW(C11)-2) -> 0 | D11: =OFFSET('!数据编辑'!$A$1,COLUMN(D11)-1,ROW(D11)-2) -> 1 | E11: =OFFSET('!数据编辑'!$A$1,COLUMN(E11)-1,ROW(E11)-2) -> 1 | F11: =OFFSET('!数据编辑'!$A$1,COLUMN(F11)-1,ROW(F11)-2) -> 0 | G11: =OFFSET('!数据编辑'!$A$1,COLUMN(G11)-1,ROW(G11)-2) -> 1 | H11: =OFFSET('!数据编辑'!$A$1,COLUMN(H11)-1,ROW(H11)-2) -> 0 | ... S11: =OFFSET('!数据编辑'!$A$1,COLUMN(S11)-1,ROW(S11)-2) -> #N/A
A12: =OFFSET('!数据编辑'!$A$1,COLUMN(A12)-1,ROW(A12)-2) -> 8 | B12: =OFFSET('!数据编辑'!$A$1,COLUMN(B12)-1,ROW(B12)-2) -> 守方子弹 | C12: =OFFSET('!数据编辑'!$A$1,COLUMN(C12)-1,ROW(C12)-2) -> 0 | D12: =OFFSET('!数据编辑'!$A$1,COLUMN(D12)-1,ROW(D12)-2) -> 0 | E12: =OFFSET('!数据编辑'!$A$1,COLUMN(E12)-1,ROW(E12)-2) -> 0 | F12: =OFFSET('!数据编辑'!$A$1,COLUMN(F12)-1,ROW(F12)-2) -> 0 | G12: =OFFSET('!数据编辑'!$A$1,COLUMN(G12)-1,ROW(G12)-2) -> 0 | H12: =OFFSET('!数据编辑'!$A$1,COLUMN(H12)-1,ROW(H12)-2) -> 0 | ... S12: =OFFSET('!数据编辑'!$A$1,COLUMN(S12)-1,ROW(S12)-2) -> #N/A
A13: =OFFSET('!数据编辑'!$A$1,COLUMN(A13)-1,ROW(A13)-2) -> 9 | B13: =OFFSET('!数据编辑'!$A$1,COLUMN(B13)-1,ROW(B13)-2) -> 传送带空气墙 | C13: =OFFSET('!数据编辑'!$A$1,COLUMN(C13)-1,ROW(C13)-2) -> 0 | D13: =OFFSET('!数据编辑'!$A$1,COLUMN(D13)-1,ROW(D13)-2) -> 1 | E13: =OFFSET('!数据编辑'!$A$1,COLUMN(E13)-1,ROW(E13)-2) -> 0 | F13: =OFFSET('!数据编辑'!$A$1,COLUMN(F13)-1,ROW(F13)-2) -> 0 | G13: =OFFSET('!数据编辑'!$A$1,COLUMN(G13)-1,ROW(G13)-2) -> 0 | H13: =OFFSET('!数据编辑'!$A$1,COLUMN(H13)-1,ROW(H13)-2) -> 0 | ... S13: =OFFSET('!数据编辑'!$A$1,COLUMN(S13)-1,ROW(S13)-2) -> #N/A
A14: =OFFSET('!数据编辑'!$A$1,COLUMN(A14)-1,ROW(A14)-2) -> 10 | B14: =OFFSET('!数据编辑'!$A$1,COLUMN(B14)-1,ROW(B14)-2) -> 地图空气墙 | C14: =OFFSET('!数据编辑'!$A$1,COLUMN(C14)-1,ROW(C14)-2) -> 0 | D14: =OFFSET('!数据编辑'!$A$1,COLUMN(D14)-1,ROW(D14)-2) -> 0 | E14: =OFFSET('!数据编辑'!$A$1,COLUMN(E14)-1,ROW(E14)-2) -> 0 | F14: =OFFSET('!数据编辑'!$A$1,COLUMN(F14)-1,ROW(F14)-2) -> 0 | G14: =OFFSET('!数据编辑'!$A$1,COLUMN(G14)-1,ROW(G14)-2) -> 0 | H14: =OFFSET('!数据编辑'!$A$1,COLUMN(H14)-1,ROW(H14)-2) -> 0 | ... S14: =OFFSET('!数据编辑'!$A$1,COLUMN(S14)-1,ROW(S14)-2) -> #N/A
A15: 11 | B15: =OFFSET('!数据编辑'!$A$1,COLUMN(B15)-1,ROW(B15)-2) -> 守方前墙和底板 | C15: =OFFSET('!数据编辑'!$A$1,COLUMN(C15)-1,ROW(C15)-2) -> 0 | D15: =OFFSET('!数据编辑'!$A$1,COLUMN(D15)-1,ROW(D15)-2) -> 0 | E15: =OFFSET('!数据编辑'!$A$1,COLUMN(E15)-1,ROW(E15)-2) -> 0 | F15: =OFFSET('!数据编辑'!$A$1,COLUMN(F15)-1,ROW(F15)-2) -> 0 | G15: =OFFSET('!数据编辑'!$A$1,COLUMN(G15)-1,ROW(G15)-2) -> 0 | H15: =OFFSET('!数据编辑'!$A$1,COLUMN(H15)-1,ROW(H15)-2) -> 0 | I15: =OFFSET('!数据编辑'!$A$1,COLUMN(I15)-1,ROW(I15)-2) -> 1 | ... S15: =OFFSET('!数据编辑'!$A$1,COLUMN(S15)-1,ROW(S15)-2) -> #N/A
A16: 12 | B16: =OFFSET('!数据编辑'!$A$1,COLUMN(B16)-1,ROW(B16)-2) -> 攻方后墙防水果 | C16: =OFFSET('!数据编辑'!$A$1,COLUMN(C16)-1,ROW(C16)-2) -> 0 | D16: =OFFSET('!数据编辑'!$A$1,COLUMN(D16)-1,ROW(D16)-2) -> 0 | E16: =OFFSET('!数据编辑'!$A$1,COLUMN(E16)-1,ROW(E16)-2) -> 0 | F16: =OFFSET('!数据编辑'!$A$1,COLUMN(F16)-1,ROW(F16)-2) -> 0 | G16: =OFFSET('!数据编辑'!$A$1,COLUMN(G16)-1,ROW(G16)-2) -> 0 | H16: =OFFSET('!数据编辑'!$A$1,COLUMN(H16)-1,ROW(H16)-2) -> 0 | I16: =OFFSET('!数据编辑'!$A$1,COLUMN(I16)-1,ROW(I16)-2) -> 0 | ... S16: =OFFSET('!数据编辑'!$A$1,COLUMN(S16)-1,ROW(S16)-2) -> #N/A
A17: 13 | B17: =OFFSET('!数据编辑'!$A$1,COLUMN(B17)-1,ROW(B17)-2) -> 攻方后墙防子弹 | C17: =OFFSET('!数据编辑'!$A$1,COLUMN(C17)-1,ROW(C17)-2) -> 0 | D17: =OFFSET('!数据编辑'!$A$1,COLUMN(D17)-1,ROW(D17)-2) -> 0 | E17: =OFFSET('!数据编辑'!$A$1,COLUMN(E17)-1,ROW(E17)-2) -> 0 | F17: =OFFSET('!数据编辑'!$A$1,COLUMN(F17)-1,ROW(F17)-2) -> 0 | G17: =OFFSET('!数据编辑'!$A$1,COLUMN(G17)-1,ROW(G17)-2) -> 0 | H17: =OFFSET('!数据编辑'!$A$1,COLUMN(H17)-1,ROW(H17)-2) -> 0 | I17: =OFFSET('!数据编辑'!$A$1,COLUMN(I17)-1,ROW(I17)-2) -> 0 | ... S17: =OFFSET('!数据编辑'!$A$1,COLUMN(S17)-1,ROW(S17)-2) -> #N/A
A18: 14 | B18: =OFFSET('!数据编辑'!$A$1,COLUMN(B18)-1,ROW(B18)-2) -> 滚筒探测器 | C18: =OFFSET('!数据编辑'!$A$1,COLUMN(C18)-1,ROW(C18)-2) -> 0 | D18: =OFFSET('!数据编辑'!$A$1,COLUMN(D18)-1,ROW(D18)-2) -> 0 | E18: =OFFSET('!数据编辑'!$A$1,COLUMN(E18)-1,ROW(E18)-2) -> 0 | F18: =OFFSET('!数据编辑'!$A$1,COLUMN(F18)-1,ROW(F18)-2) -> 0 | G18: =OFFSET('!数据编辑'!$A$1,COLUMN(G18)-1,ROW(G18)-2) -> 0 | H18: =OFFSET('!数据编辑'!$A$1,COLUMN(H18)-1,ROW(H18)-2) -> 0 | I18: =OFFSET('!数据编辑'!$A$1,COLUMN(I18)-1,ROW(I18)-2) -> 1 | ... S18: =OFFSET('!数据编辑'!$A$1,COLUMN(S18)-1,ROW(S18)-2) -> #N/A
A19: 15 | B19: =OFFSET('!数据编辑'!$A$1,COLUMN(B19)-1,ROW(B19)-2) -> 飞刀 | C19: =OFFSET('!数据编辑'!$A$1,COLUMN(C19)-1,ROW(C19)-2) -> 0 | D19: =OFFSET('!数据编辑'!$A$1,COLUMN(D19)-1,ROW(D19)-2) -> 0 | E19: =OFFSET('!数据编辑'!$A$1,COLUMN(E19)-1,ROW(E19)-2) -> 0 | F19: =OFFSET('!数据编辑'!$A$1,COLUMN(F19)-1,ROW(F19)-2) -> 0 | G19: =OFFSET('!数据编辑'!$A$1,COLUMN(G19)-1,ROW(G19)-2) -> 0 | H19: =OFFSET('!数据编辑'!$A$1,COLUMN(H19)-1,ROW(H19)-2) -> 0 | I19: =OFFSET('!数据编辑'!$A$1,COLUMN(I19)-1,ROW(I19)-2) -> 0 | ... S19: =OFFSET('!数据编辑'!$A$1,COLUMN(S19)-1,ROW(S19)-2) -> #N/A
A20: 16 | B20: =OFFSET('!数据编辑'!$A$1,COLUMN(B20)-1,ROW(B20)-2) -> 普通子弹 | C20: =OFFSET('!数据编辑'!$A$1,COLUMN(C20)-1,ROW(C20)-2) -> 0 | D20: =OFFSET('!数据编辑'!$A$1,COLUMN(D20)-1,ROW(D20)-2) -> 0 | E20: =OFFSET('!数据编辑'!$A$1,COLUMN(E20)-1,ROW(E20)-2) -> 0 | F20: =OFFSET('!数据编辑'!$A$1,COLUMN(F20)-1,ROW(F20)-2) -> 0 | G20: =OFFSET('!数据编辑'!$A$1,COLUMN(G20)-1,ROW(G20)-2) -> 0 | H20: =OFFSET('!数据编辑'!$A$1,COLUMN(H20)-1,ROW(H20)-2) -> 0 | I20: =OFFSET('!数据编辑'!$A$1,COLUMN(I20)-1,ROW(I20)-2) -> 0 | ... S20: =OFFSET('!数据编辑'!$A$1,COLUMN(S20)-1,ROW(S20)-2) -> 0

Sheet !数据编辑
A1: id | B1: long | C1: 0 | D1: 1 | E1: 2 | F1: 3 | G1: 4 | H1: 5 | I1: 6 | J1: 7 | K1: 8 | L1: 9 | M1: 10 | N1: 11 | O1: 12 | P1: 13 | Q1: 14 | R1: 15 | S1: 16
A2: 层类型 | B2: string | C2: 有碰撞场景 | D2: 攻方传送带 | E2: 守方子弹探测器 | F2: 守方炮塔碰撞体 | G2: 守方碰撞箱 | H2: 攻方炮塔 | I2: 守方炮塔本体 | J2: 攻方子弹 | K2: 守方子弹 | L2: 传送带空气墙 | M2: 地图空气墙 | N2: 守方前墙和底板 | O2: 攻方后墙防水果 | P2: 攻方后墙防子弹 | Q2: 滚筒探测器 | R2: 飞刀 | S2: 普通子弹
A3: 0 | B3: bool | C3: =VLOOKUP(C22,'!副表'!$C:$D,2,0) -> 0 | D3: =VLOOKUP(D22,'!副表'!$C:$D,2,0) -> 0 | E3: =VLOOKUP(E22,'!副表'!$C:$D,2,0) -> 0 | F3: =VLOOKUP(F22,'!副表'!$C:$D,2,0) -> 0 | G3: =VLOOKUP(G22,'!副表'!$C:$D,2,0) -> 0 | H3: =VLOOKUP(H22,'!副表'!$C:$D,2,0) -> 0 | I3: =VLOOKUP(I22,'!副表'!$C:$D,2,0) -> 0 | J3: =VLOOKUP(J22,'!副表'!$C:$D,2,0) -> 0 | ... S3: =VLOOKUP(S22,'!副表'!$C:$D,2,0) -> 0
A4: 1 | B4: bool | C4: =VLOOKUP(C23,'!副表'!$C:$D,2,0) -> #N/A | D4: =VLOOKUP(D23,'!副表'!$C:$D,2,0) -> 0 | E4: =VLOOKUP(E23,'!副表'!$C:$D,2,0) -> 0 | F4: =VLOOKUP(F23,'!副表'!$C:$D,2,0) -> 0 | G4: =VLOOKUP(G23,'!副表'!$C:$D,2,0) -> 0 | H4: =VLOOKUP(H23,'!副表'!$C:$D,2,0) -> 0 | I4: =VLOOKUP(I23,'!副表'!$C:$D,2,0) -> 0 | J4: =VLOOKUP(J23,'!副表'!$C:$D,2,0) -> 1 | ... S4: =VLOOKUP(S23,'!副表'!$C:$D,2,0) -> 0
A5: 2 | B5: bool | C5: =VLOOKUP(C24,'!副表'!$C:$D,2,0) -> #N/A | D5: =VLOOKUP(D24,'!副表'!$C:$D,2,0) -> #N/A | E5: =VLOOKUP(E24,'!副表'!$C:$D,2,0) -> 0 | F5: =VLOOKUP(F24,'!副表'!$C:$D,2,0) -> 0 | G5: =VLOOKUP(G24,'!副表'!$C:$D,2,0) -> 0 | H5: =VLOOKUP(H24,'!副表'!$C:$D,2,0) -> 0 | I5: =VLOOKUP(I24,'!副表'!$C:$D,2,0) -> 0 | J5: =VLOOKUP(J24,'!副表'!$C:$D,2,0) -> 1 | ... S5: =VLOOKUP(S24,'!副表'!$C:$D,2,0) -> 0
A6: 3 | B6: bool | C6: =VLOOKUP(C25,'!副表'!$C:$D,2,0) -> #N/A | D6: =VLOOKUP(D25,'!副表'!$C:$D,2,0) -> #N/A | E6: =VLOOKUP(E25,'!副表'!$C:$D,2,0) -> #N/A | F6: =VLOOKUP(F25,'!副表'!$C:$D,2,0) -> 1 | G6: =VLOOKUP(G25,'!副表'!$C:$D,2,0) -> 0 | H6: =VLOOKUP(H25,'!副表'!$C:$D,2,0) -> 0 | I6: =VLOOKUP(I25,'!副表'!$C:$D,2,0) -> 1 | J6: =VLOOKUP(J25,'!副表'!$C:$D,2,0) -> 0 | ... S6: =VLOOKUP(S25,'!副表'!$C:$D,2,0) -> 0
A7: 4 | B7: bool | C7: =VLOOKUP(C26,'!副表'!$C:$D,2,0) -> #N/A | D7: =VLOOKUP(D26,'!副表'!$C:$D,2,0) -> #N/A | E7: =VLOOKUP(E26,'!副表'!$C:$D,2,0) -> #N/A | F7: =VLOOKUP(F26,'!副表'!$C:$D,2,0) -> #N/A | G7: =VLOOKUP(G26,'!副表'!$C:$D,2,0) -> 0 | H7: =VLOOKUP(H26,'!副表'!$C:$D,2,0) -> 0 | I7: =VLOOKUP(I26,'!副表'!$C:$D,2,0) -> 0 | J7: =VLOOKUP(J26,'!副表'!$C:$D,2,0) -> 1 | ... S7: =VLOOKUP(S26,'!副表'!$C:$D,2,0) -> 0
A8: 5 | B8: bool | C8: =VLOOKUP(C27,'!副表'!$C:$D,2,0) -> #N/A | D8: =VLOOKUP(D27,'!副表'!$C:$D,2,0) -> #N/A | E8: =VLOOKUP(E27,'!副表'!$C:$D,2,0) -> #N/A | F8: =VLOOKUP(F27,'!副表'!$C:$D,2,0) -> #N/A | G8: =VLOOKUP(G27,'!副表'!$C:$D,2,0) -> #N/A | H8: =VLOOKUP(H27,'!副表'!$C:$D,2,0) -> 0 | I8: =VLOOKUP(I27,'!副表'!$C:$D,2,0) -> 0 | J8: =VLOOKUP(J27,'!副表'!$C:$D,2,0) -> 0 | ... S8: =VLOOKUP(S27,'!副表'!$C:$D,2,0) -> 0
A9: 6 | B9: bool | C9: =VLOOKUP(C28,'!副表'!$C:$D,2,0) -> #N/A | D9: =VLOOKUP(D28,'!副表'!$C:$D,2,0) -> #N/A | E9: =VLOOKUP(E28,'!副表'!$C:$D,2,0) -> #N/A | F9: =VLOOKUP(F28,'!副表'!$C:$D,2,0) -> #N/A | G9: =VLOOKUP(G28,'!副表'!$C:$D,2,0) -> #N/A | H9: =VLOOKUP(H28,'!副表'!$C:$D,2,0) -> #N/A | I9: =VLOOKUP(I28,'!副表'!$C:$D,2,0) -> 1 | J9: =VLOOKUP(J28,'!副表'!$C:$D,2,0) -> 0 | ... S9: =VLOOKUP(S28,'!副表'!$C:$D,2,0) -> 0
A10: 7 | B10: bool | C10: =VLOOKUP(C29,'!副表'!$C:$D,2,0) -> #N/A | D10: =VLOOKUP(D29,'!副表'!$C:$D,2,0) -> #N/A | E10: =VLOOKUP(E29,'!副表'!$C:$D,2,0) -> #N/A | F10: =VLOOKUP(F29,'!副表'!$C:$D,2,0) -> #N/A | G10: =VLOOKUP(G29,'!副表'!$C:$D,2,0) -> #N/A | H10: =VLOOKUP(H29,'!副表'!$C:$D,2,0) -> #N/A | I10: =VLOOKUP(I29,'!副表'!$C:$D,2,0) -> #N/A | J10: =VLOOKUP(J29,'!副表'!$C:$D,2,0) -> 1 | ... S10: =VLOOKUP(S29,'!副表'!$C:$D,2,0) -> 1
A11: 8 | B11: bool | C11: =VLOOKUP(C30,'!副表'!$C:$D,2,0) -> #N/A | D11: =VLOOKUP(D30,'!副表'!$C:$D,2,0) -> #N/A | E11: =VLOOKUP(E30,'!副表'!$C:$D,2,0) -> #N/A | F11: =VLOOKUP(F30,'!副表'!$C:$D,2,0) -> #N/A | G11: =VLOOKUP(G30,'!副表'!$C:$D,2,0) -> #N/A | H11: =VLOOKUP(H30,'!副表'!$C:$D,2,0) -> #N/A | I11: =VLOOKUP(I30,'!副表'!$C:$D,2,0) -> #N/A | J11: =VLOOKUP(J30,'!副表'!$C:$D,2,0) -> #N/A | ... S11: =VLOOKUP(S30,'!副表'!$C:$D,2,0) -> 0
A12: 9 | B12: bool | C12: =VLOOKUP(C31,'!副表'!$C:$D,2,0) -> #N/A | D12: =VLOOKUP(D31,'!副表'!$C:$D,2,0) -> #N/A | E12: =VLOOKUP(E31,'!副表'!$C:$D,2,0) -> #N/A | F12: =VLOOKUP(F31,'!副表'!$C:$D,2,0) -> #N/A | G12: =VLOOKUP(G31,'!副表'!$C:$D,2,0) -> #N/A | H12: =VLOOKUP(H31,'!副表'!$C:$D,2,0) -> #N/A | I12: =VLOOKUP(I31,'!副表'!$C:$D,2,0) -> #N/A | J12: =VLOOKUP(J31,'!副表'!$C:$D,2,0) -> #N/A | ... S12: =VLOOKUP(S31,'!副表'!$C:$D,2,0) -> 0
A13: 10 | B13: bool | C13: =VLOOKUP(C32,'!副表'!$C:$D,2,0) -> #N/A | D13: =VLOOKUP(D32,'!副表'!$C:$D,2,0) -> #N/A | E13: =VLOOKUP(E32,'!副表'!$C:$D,2,0) -> #N/A | F13: =VLOOKUP(F32,'!副表'!$C:$D,2,0) -> #N/A | G13: =VLOOKUP(G32,'!副表'!$C:$D,2,0) -> #N/A | H13: =VLOOKUP(H32,'!副表'!$C:$D,2,0) -> #N/A | I13: =VLOOKUP(I32,'!副表'!$C:$D,2,0) -> #N/A | J13: =VLOOKUP(J32,'!副表'!$C:$D,2,0) -> #N/A | ... S13: =VLOOKUP(S32,'!副表'!$C:$D,2,0) -> 1
A14: 11 | B14: bool | C14: =VLOOKUP(C33,'!副表'!$C:$D,2,0) -> #N/A | D14: =VLOOKUP(D33,'!副表'!$C:$D,2,0) -> #N/A | E14: =VLOOKUP(E33,'!副表'!$C:$D,2,0) -> #N/A | F14: =VLOOKUP(F33,'!副表'!$C:$D,2,0) -> #N/A | G14: =VLOOKUP(G33,'!副表'!$C:$D,2,0) -> #N/A | H14: =VLOOKUP(H33,'!副表'!$C:$D,2,0) -> #N/A | I14: =VLOOKUP(I33,'!副表'!$C:$D,2,0) -> #N/A | J14: =VLOOKUP(J33,'!副表'!$C:$D,2,0) -> #N/A | ... S14: =VLOOKUP(S33,'!副表'!$C:$D,2,0) -> 0
... A19: 16 | B19: bool | C19: =VLOOKUP(C38,'!副表'!$C:$D,2,0) -> #N/A | D19: =VLOOKUP(D38,'!副表'!$C:$D,2,0) -> #N/A | E19: =VLOOKUP(E38,'!副表'!$C:$D,2,0) -> #N/A | F19: =VLOOKUP(F38,'!副表'!$C:$D,2,0) -> #N/A | G19: =VLOOKUP(G38,'!副表'!$C:$D,2,0) -> #N/A | H19: =VLOOKUP(H38,'!副表'!$C:$D,2,0) -> #N/A | I19: =VLOOKUP(I38,'!副表'!$C:$D,2,0) -> #N/A | J19: =VLOOKUP(J38,'!副表'!$C:$D,2,0) -> #N/A | ... S19: =VLOOKUP(S38,'!副表'!$C:$D,2,0) -> 0
A22: 0 | B22: 有碰撞场景 | C22: 假 | D22: 假 | E22: 假 | F22: 假 | G22: 假 | H22: 假 | I22: 假 | J22: 假 | K22: 假 | L22: 假 | M22: 假 | N22: 假 | O22: 假 | P22: 假 | Q22: 假 | R22: 假 | S22: 假
A23: 1 | B23: 攻方传送带 | D23: 假 | E23: 假 | F23: 假 | G23: 假 | H23: 假 | I23: 假 | J23: 真 | K23: 假 | L23: 真 | M23: 假 | N23: 假 | O23: 假 | P23: 假 | Q23: 假 | R23: 假 | S23: 假
A24: 2 | B24: 守方子弹探测器 | E24: 假 | F24: 假 | G24: 假 | H24: 假 | I24: 假 | J24: 真 | K24: 假 | L24: 假 | M24: 假 | N24: 假 | O24: 假 | P24: 假 | Q24: 假 | R24: 假 | S24: 假
A25: 3 | B25: 守方炮塔碰撞体 | F25: 真 | G25: 假 | H25: 假 | I25: 真 | J25: 假 | K25: 假 | L25: 假 | M25: 假 | N25: 假 | O25: 假 | P25: 假 | Q25: 假 | R25: 假 | S25: 假
A26: 4 | B26: 守方碰撞箱 | G26: 假 | H26: 假 | I26: 假 | J26: 真 | K26: 假 | L26: 假 | M26: 假 | N26: 假 | O26: 假 | P26: 假 | Q26: 假 | R26: 假 | S26: 假
A27: 5 | B27: 攻方炮塔 | H27: 假 | I27: 假 | J27: 假 | K27: 假 | L27: 假 | M27: 假 | N27: 假 | O27: 假 | P27: 假 | Q27: 假 | R27: 假 | S27: 假
A28: 6 | B28: 守方炮塔本体 | I28: 真 | J28: 假 | K28: 假 | L28: 假 | M28: 真 | N28: 真 | O28: 假 | P28: 假 | Q28: 真 | R28: 假 | S28: 假
A29: 7 | B29: 攻方子弹 | J29: 真 | K29: 假 | L29: 假 | M29: 真 | N29: 假 | O29: 真 | P29: 假 | Q29: 假 | R29: 假 | S29: 真
A30: 8 | B30: 守方子弹 | K30: 假 | L30: 假 | M30: 真 | N30: 假 | O30: 假 | P30: 真 | Q30: 假 | R30: 假 | S30: 假
A31: 9 | B31: 传送带空气墙 | L31: 假 | M31: 假 | N31: 假 | O31: 假 | P31: 假 | Q31: 假 | R31: 假 | S31: 假
A32: 10 | B32: 地图空气墙 | M32: 假 | N32: 假 | O32: 假 | P32: 假 | Q32: 假 | R32: 假 | S32: 真
A33: 11 | B33: 守方前墙和底板 | N33: 假 | O33: 假 | P33: 假 | Q33: 假 | R33: 假 | S33: 假
A34: 12 | B34: 攻方后墙(物理)防水果 | O34: 假 | P34: 假 | Q34: 假 | R34: 假 | S34: 假
A35: 13 | B35: 攻方后墙(探测器)防子弹 | P35: 假 | Q35: 假 | R35: 真 | S35: 真
A36: 14 | B36: 滚筒探测器 | Q36: 假 | R36: 假 | S36: 假
A37: 15 | B37: 飞刀模型 | R37: 假 | S37: 假
A38: 16 | B38: 普通子弹 | S38: 假

Sheet !副表
A1: float | C1: 空 | D1: 0
A2: string | C2: 假 | D2: 0
A3: vector | C3: 真 | D3: 1
A4: bool
A5: color
A6: long
